DELETE FROM Unit;
DELETE FROM Building;
DELETE FROM Property;
DELETE FROM Entity;


INSERT INTO Entity (id, entityName, entityNote, contactName, contactEmail, contactPhone, address, city, state, zip)
VALUES
('123e4567-e89b-12d3-a456-426614174000', 'Entity One', 'Note about Entity One', 'John Doe', 'john.doe@example.com', '555-1234', '1234 Main St', 'Anytown', 'CA', '90210'),
('123e4567-e89b-12d3-a456-426614174001', 'Entity Two', 'Note about Entity Two', 'Jane Smith', 'jane.smith@example.com', '555-5678', '5678 Second St', 'Othertown', 'NY', '10001'),
('123e4567-e89b-12d3-a456-426614174002', 'Entity Three', 'Note about Entity Three', 'Alice Johnson', 'alice.johnson@example.com', '555-9012', '9101 Third Ave', 'Anycity', 'TX', '73301'),
('123e4567-e89b-12d3-a456-426614174003', 'Entity Four', 'Note about Entity Four', 'Bob Williams', 'bob.williams@example.com', '555-3456', '3456 Fourth Blvd', 'Somecity', 'FL', '33101');


INSERT INTO Property (id, entityId, propertyName, propertyNote, contactName, contactEmail, contactPhone, address, city, state, zip)
VALUES
('001e4567-e89b-12d3-a456-426614174000', '123e4567-e89b-12d3-a456-426614174000', 'Property One-A', 'Note for Property One-A', 'Sam Taylor', 'sam.taylor@example.com', '555-0001', '1001 First St', 'Anytown', 'CA', '90210'),
('002e4567-e89b-12d3-a456-426614174001', '123e4567-e89b-12d3-a456-426614174000', 'Property One-B', 'Note for Property One-B', 'Alex Kim', 'alex.kim@example.com', '555-0002', '1002 Second St', 'Anytown', 'CA', '90210'),
('003e4567-e89b-12d3-a456-426614174002', '123e4567-e89b-12d3-a456-426614174000', 'Property One-C', 'Note for Property One-C', 'Morgan Lee', 'morgan.lee@example.com', '555-0003', '1003 Third St', 'Anytown', 'CA', '90210'),
('004e4567-e89b-12d3-a456-426614174003', '123e4567-e89b-12d3-a456-426614174000', 'Property One-D', 'Note for Property One-D', 'Jamie Park', 'jamie.park@example.com', '555-0004', '1004 Fourth St', 'Anytown', 'CA', '90210'),
('005e4567-e89b-12d3-a456-426614174004', '123e4567-e89b-12d3-a456-426614174000', 'Property One-E', 'Note for Property One-E', 'Casey Jordan', 'casey.jordan@example.com', '555-0005', '1005 Fifth St', 'Anytown', 'CA', '90210'),
('006e4567-e89b-12d3-a456-426614174005', '123e4567-e89b-12d3-a456-426614174001', 'Property Two-A', 'Note for Property Two-A', 'Charlie Brown', 'charlie.brown@example.com', '555-1001', '2001 Sixth St', 'Othertown', 'NY', '10001'),
('007e4567-e89b-12d3-a456-426614174006', '123e4567-e89b-12d3-a456-426614174001', 'Property Two-B', 'Note for Property Two-B', 'Dana White', 'dana.white@example.com', '555-1002', '2002 Seventh St', 'Othertown', 'NY', '10001'),
('008e4567-e89b-12d3-a456-426614174007', '123e4567-e89b-12d3-a456-426614174001', 'Property Two-C', 'Note for Property Two-C', 'Evan Black', 'evan.black@example.com', '555-1003', '2003 Eighth Ave', 'Othertown', 'NY', '10001'),
('009e4567-e89b-12d3-a456-426614174008', '123e4567-e89b-12d3-a456-426614174001', 'Property Two-D', 'Note for Property Two-D', 'Fiona Green', 'fiona.green@example.com', '555-1004', '2004 Ninth Blvd', 'Othertown', 'NY', '10001'),
('00ae4567-e89b-12d3-a456-426614174009', '123e4567-e89b-12d3-a456-426614174001', 'Property Two-E', 'Note for Property Two-E', 'George Hall', 'george.hall@example.com', '555-1005', '2005 Tenth St', 'Othertown', 'NY', '10001'),
('00be4567-e89b-12d3-a456-42661417400a', '123e4567-e89b-12d3-a456-426614174002', 'Property Three-A', 'Note for Property Three-A', 'Hannah Young', 'hannah.young@example.com', '555-2001', '3001 Eleventh St', 'Anycity', 'TX', '73301'),
('00ce4567-e89b-12d3-a456-42661417400b', '123e4567-e89b-12d3-a456-426614174002', 'Property Three-B', 'Note for Property Three-B', 'Ian Grant', 'ian.grant@example.com', '555-2002', '3002 Twelfth Ave', 'Anycity', 'TX', '73301'),
('00de4567-e89b-12d3-a456-42661417400c', '123e4567-e89b-12d3-a456-426614174002', 'Property Three-C', 'Note for Property Three-C', 'Jill Knight', 'jill.knight@example.com', '555-2003', '3003 Thirteenth Blvd', 'Anycity', 'TX', '73301'),
('00ee4567-e89b-12d3-a456-42661417400d', '123e4567-e89b-12d3-a456-426614174002', 'Property Three-D', 'Note for Property Three-D', 'Kyle Long', 'kyle.long@example.com', '555-2004', '3004 Fourteenth St', 'Anycity', 'TX', '73301'),
('00fe4567-e89b-12d3-a456-42661417400e', '123e4567-e89b-12d3-a456-426614174002', 'Property Three-E', 'Note for Property Three-E', 'Lily Ford', 'lily.ford@example.com', '555-2005', '3005 Fifteenth Ave', 'Anycity', 'TX', '73301'),
('010e4567-e89b-12d3-a456-42661417400f', '123e4567-e89b-12d3-a456-426614174003', 'Property Four-A', 'Note for Property Four-A', 'Mike Stone', 'mike.stone@example.com', '555-3001', '4001 Sixteenth St', 'Somecity', 'FL', '33101'),
('011e4567-e89b-12d3-a456-426614174010', '123e4567-e89b-12d3-a456-426614174003', 'Property Four-B', 'Note for Property Four-B', 'Nina Fox', 'nina.fox@example.com', '555-3002', '4002 Seventeenth Ave', 'Somecity', 'FL', '33101'),
('012e4567-e89b-12d3-a456-426614174011', '123e4567-e89b-12d3-a456-426614174003', 'Property Four-C', 'Note for Property Four-C', 'Oliver Ray', 'oliver.ray@example.com', '555-3003', '4003 Eighteenth Blvd', 'Somecity', 'FL', '33101'),
('013e4567-e89b-12d3-a456-426614174012', '123e4567-e89b-12d3-a456-426614174003', 'Property Four-D', 'Note for Property Four-D', 'Pamela Day', 'pamela.day@example.com', '555-3004', '4004 Nineteenth St', 'Somecity', 'FL', '33101'),
('014e4567-e89b-12d3-a456-426614174013', '123e4567-e89b-12d3-a456-426614174003', 'Property Four-E', 'Note for Property Four-E', 'Quinn Earl', 'quinn.earl@example.com', '555-3005', '4005 Twentieth Ave', 'Somecity', 'FL', '33101');

INSERT INTO Building (id, propertyId, buildingNumber, buildingNote)
VALUES
('b101e4567-e89b-12d3-a456-426614174000', '001e4567-e89b-12d3-a456-426614174000', '1', 'Building 1 of Property One-A'),
('b102e4567-e89b-12d3-a456-426614174001', '001e4567-e89b-12d3-a456-426614174000', '2', 'Building 2 of Property One-A'),
('b103e4567-e89b-12d3-a456-426614174002', '001e4567-e89b-12d3-a456-426614174000', '3', 'Building 3 of Property One-A'),
('b104e4567-e89b-12d3-a456-426614174003', '001e4567-e89b-12d3-a456-426614174000', '4', 'Building 4 of Property One-A'),
('b105e4567-e89b-12d3-a456-426614174004', '001e4567-e89b-12d3-a456-426614174000', '5', 'Building 5 of Property One-A'),
('b106e4567-e89b-12d3-a456-426614174005', '002e4567-e89b-12d3-a456-426614174001', '1', 'Building 1 of Property One-B'),
('b107e4567-e89b-12d3-a456-426614174006', '002e4567-e89b-12d3-a456-426614174001', '2', 'Building 2 of Property One-B'),
('b108e4567-e89b-12d3-a456-426614174007', '002e4567-e89b-12d3-a456-426614174001', '3', 'Building 3 of Property One-B'),
('b109e4567-e89b-12d3-a456-426614174008', '002e4567-e89b-12d3-a456-426614174001', '4', 'Building 4 of Property One-B'),
('b10ae4567-e89b-12d3-a456-426614174009', '002e4567-e89b-12d3-a456-426614174001', '5', 'Building 5 of Property One-B'),
('b10be4567-e89b-12d3-a456-42661417400a', '003e4567-e89b-12d3-a456-426614174002', '1', 'Building 1 of Property One-C'),
('b10ce4567-e89b-12d3-a456-42661417400b', '003e4567-e89b-12d3-a456-426614174002', '2', 'Building 2 of Property One-C'),
('b10de4567-e89b-12d3-a456-42661417400c', '003e4567-e89b-12d3-a456-426614174002', '3', 'Building 3 of Property One-C'),
('b10ee4567-e89b-12d3-a456-42661417400d', '003e4567-e89b-12d3-a456-426614174002', '4', 'Building 4 of Property One-C'),
('b10fe4567-e89b-12d3-a456-42661417400e', '003e4567-e89b-12d3-a456-426614174002', '5', 'Building 5 of Property One-C'),
('b111e4567-e89b-12d3-a456-42661417400f', '004e4567-e89b-12d3-a456-426614174003', '1', 'Building 1 of Property One-D'),
('b112e4567-e89b-12d3-a456-426614174010', '004e4567-e89b-12d3-a456-426614174003', '2', 'Building 2 of Property One-D'),
('b113e4567-e89b-12d3-a456-426614174011', '004e4567-e89b-12d3-a456-426614174003', '3', 'Building 3 of Property One-D'),
('b114e4567-e89b-12d3-a456-426614174012', '004e4567-e89b-12d3-a456-426614174003', '4', 'Building 4 of Property One-D'),
('b115e4567-e89b-12d3-a456-426614174013', '004e4567-e89b-12d3-a456-426614174003', '5', 'Building 5 of Property One-D'),
('b116e4567-e89b-12d3-a456-426614174014', '005e4567-e89b-12d3-a456-426614174004', '1', 'Building 1 of Property One-E'),
('b117e4567-e89b-12d3-a456-426614174015', '005e4567-e89b-12d3-a456-426614174004', '2', 'Building 2 of Property One-E'),
('b118e4567-e89b-12d3-a456-426614174016', '005e4567-e89b-12d3-a456-426614174004', '3', 'Building 3 of Property One-E'),
('b119e4567-e89b-12d3-a456-426614174017', '005e4567-e89b-12d3-a456-426614174004', '4', 'Building 4 of Property One-E'),
('b11ae4567-e89b-12d3-a456-426614174018', '005e4567-e89b-12d3-a456-426614174004', '5', 'Building 5 of Property One-E'),
('b11be4567-e89b-12d3-a456-426614174019', '006e4567-e89b-12d3-a456-426614174005', '1', 'Building 1 of Property Two-A'),
('b11ce4567-e89b-12d3-a456-42661417401a', '006e4567-e89b-12d3-a456-426614174005', '2', 'Building 2 of Property Two-A'),
('b11de4567-e89b-12d3-a456-42661417401b', '006e4567-e89b-12d3-a456-426614174005', '3', 'Building 3 of Property Two-A'),
('b11ee4567-e89b-12d3-a456-42661417401c', '006e4567-e89b-12d3-a456-426614174005', '4', 'Building 4 of Property Two-A'),
('b11fe4567-e89b-12d3-a456-42661417401d', '006e4567-e89b-12d3-a456-426614174005', '5', 'Building 5 of Property Two-A'),
('b120e4567-e89b-12d3-a456-42661417401e', '007e4567-e89b-12d3-a456-426614174006', '1', 'Building 1 of Property Two-B'),
('b121e4567-e89b-12d3-a456-42661417401f', '007e4567-e89b-12d3-a456-426614174006', '2', 'Building 2 of Property Two-B'),
('b122e4567-e89b-12d3-a456-426614174020', '007e4567-e89b-12d3-a456-426614174006', '3', 'Building 3 of Property Two-B'),
('b123e4567-e89b-12d3-a456-426614174021', '007e4567-e89b-12d3-a456-426614174006', '4', 'Building 4 of Property Two-B'),
('b124e4567-e89b-12d3-a456-426614174022', '007e4567-e89b-12d3-a456-426614174006', '5', 'Building 5 of Property Two-B'),
('b125e4567-e89b-12d3-a456-426614174023', '008e4567-e89b-12d3-a456-426614174007', '1', 'Building 1 of Property Two-C'),
('b126e4567-e89b-12d3-a456-426614174024', '008e4567-e89b-12d3-a456-426614174007', '2', 'Building 2 of Property Two-C'),
('b127e4567-e89b-12d3-a456-426614174025', '008e4567-e89b-12d3-a456-426614174007', '3', 'Building 3 of Property Two-C'),
('b128e4567-e89b-12d3-a456-426614174026', '008e4567-e89b-12d3-a456-426614174007', '4', 'Building 4 of Property Two-C'),
('b129e4567-e89b-12d3-a456-426614174027', '008e4567-e89b-12d3-a456-426614174007', '5', 'Building 5 of Property Two-C'),
('b12ae4567-e89b-12d3-a456-426614174028', '009e4567-e89b-12d3-a456-426614174008', '1', 'Building 1 of Property Two-D'),
('b12be4567-e89b-12d3-a456-426614174029', '009e4567-e89b-12d3-a456-426614174008', '2', 'Building 2 of Property Two-D'),
('b12ce4567-e89b-12d3-a456-42661417402a', '009e4567-e89b-12d3-a456-426614174008', '3', 'Building 3 of Property Two-D'),
('b12de4567-e89b-12d3-a456-42661417402b', '009e4567-e89b-12d3-a456-426614174008', '4', 'Building 4 of Property Two-D'),
('b12ee4567-e89b-12d3-a456-42661417402c', '009e4567-e89b-12d3-a456-426614174008', '5', 'Building 5 of Property Two-D'),
('b12fe4567-e89b-12d3-a456-42661417402d', '00ae4567-e89b-12d3-a456-426614174009', '1', 'Building 1 of Property Two-E'),
('b130e4567-e89b-12d3-a456-42661417402e', '00ae4567-e89b-12d3-a456-426614174009', '2', 'Building 2 of Property Two-E'),
('b131e4567-e89b-12d3-a456-42661417402f', '00ae4567-e89b-12d3-a456-426614174009', '3', 'Building 3 of Property Two-E'),
('b132e4567-e89b-12d3-a456-426614174030', '00ae4567-e89b-12d3-a456-426614174009', '4', 'Building 4 of Property Two-E'),
('b133e4567-e89b-12d3-a456-426614174031', '00ae4567-e89b-12d3-a456-426614174009', '5', 'Building 5 of Property Two-E'),
('b134e4567-e89b-12d3-a456-426614174032', '00be4567-e89b-12d3-a456-42661417400a', '1', 'Building 1 of Property Three-A'),
('b135e4567-e89b-12d3-a456-426614174033', '00be4567-e89b-12d3-a456-42661417400a', '2', 'Building 2 of Property Three-A'),
('b136e4567-e89b-12d3-a456-426614174034', '00be4567-e89b-12d3-a456-42661417400a', '3', 'Building 3 of Property Three-A'),
('b137e4567-e89b-12d3-a456-426614174035', '00be4567-e89b-12d3-a456-42661417400a', '4', 'Building 4 of Property Three-A'),
('b138e4567-e89b-12d3-a456-426614174036', '00be4567-e89b-12d3-a456-42661417400a', '5', 'Building 5 of Property Three-A'),
('b139e4567-e89b-12d3-a456-426614174037', '00ce4567-e89b-12d3-a456-42661417400b', '1', 'Building 1 of Property Three-B'),
('b13ae4567-e89b-12d3-a456-426614174038', '00ce4567-e89b-12d3-a456-42661417400b', '2', 'Building 2 of Property Three-B'),
('b13be4567-e89b-12d3-a456-426614174039', '00ce4567-e89b-12d3-a456-42661417400b', '3', 'Building 3 of Property Three-B'),
('b13ce4567-e89b-12d3-a456-42661417403a', '00ce4567-e89b-12d3-a456-42661417400b', '4', 'Building 4 of Property Three-B'),
('b13de4567-e89b-12d3-a456-42661417403b', '00ce4567-e89b-12d3-a456-42661417400b', '5', 'Building 5 of Property Three-B'),
('b13ee4567-e89b-12d3-a456-42661417403c', '00de4567-e89b-12d3-a456-42661417400c', '1', 'Building 1 of Property Three-C'),
('b13fe4567-e89b-12d3-a456-42661417403d', '00de4567-e89b-12d3-a456-42661417400c', '2', 'Building 2 of Property Three-C'),
('b140e4567-e89b-12d3-a456-42661417403e', '00de4567-e89b-12d3-a456-42661417400c', '3', 'Building 3 of Property Three-C'),
('b141e4567-e89b-12d3-a456-42661417403f', '00de4567-e89b-12d3-a456-42661417400c', '4', 'Building 4 of Property Three-C'),
('b142e4567-e89b-12d3-a456-426614174040', '00de4567-e89b-12d3-a456-42661417400c', '5', 'Building 5 of Property Three-C'),
('b143e4567-e89b-12d3-a456-426614174041', '00ee4567-e89b-12d3-a456-42661417400d', '1', 'Building 1 of Property Three-D'),
('b144e4567-e89b-12d3-a456-426614174042', '00ee4567-e89b-12d3-a456-42661417400d', '2', 'Building 2 of Property Three-D'),
('b145e4567-e89b-12d3-a456-426614174043', '00ee4567-e89b-12d3-a456-42661417400d', '3', 'Building 3 of Property Three-D'),
('b146e4567-e89b-12d3-a456-426614174044', '00ee4567-e89b-12d3-a456-42661417400d', '4', 'Building 4 of Property Three-D'),
('b147e4567-e89b-12d3-a456-426614174045', '00ee4567-e89b-12d3-a456-42661417400d', '5', 'Building 5 of Property Three-D'),
('b148e4567-e89b-12d3-a456-426614174046', '00fe4567-e89b-12d3-a456-42661417400e', '1', 'Building 1 of Property Three-E'),
('b149e4567-e89b-12d3-a456-426614174047', '00fe4567-e89b-12d3-a456-42661417400e', '2', 'Building 2 of Property Three-E'),
('b14ae4567-e89b-12d3-a456-426614174048', '00fe4567-e89b-12d3-a456-42661417400e', '3', 'Building 3 of Property Three-E'),
('b14be4567-e89b-12d3-a456-426614174049', '00fe4567-e89b-12d3-a456-42661417400e', '4', 'Building 4 of Property Three-E'),
('b14ce4567-e89b-12d3-a456-42661417404a', '00fe4567-e89b-12d3-a456-42661417400e', '5', 'Building 5 of Property Three-E');

INSERT INTO Unit (id, buildingId, unitNumber, contactName, contactEmail, contactPhone, address, city, state, zip, unitNote)
VALUES
('u101e4567-e89b-12d3-a456-426614174000', 'b101e4567-e89b-12d3-a456-426614174000', '1', 'John Doe', 'john.doe@example.com', '555-1000', '101 Main St', 'City1', 'State1', '10001', 'Unit 1 Note'),
('u102e4567-e89b-12d3-a456-426614174001', 'b101e4567-e89b-12d3-a456-426614174000', '2', 'Jane Smith', 'jane.smith@example.com', '555-2000', '102 Main St', 'City1', 'State1', '10001', 'Unit 2 Note'),
('u103e4567-e89b-12d3-a456-426614174002', 'b101e4567-e89b-12d3-a456-426614174000', '3', 'Alice Johnson', 'alice.johnson@example.com', '555-3000', '103 Main St', 'City1', 'State1', '10001', 'Unit 3 Note'),
('u104e4567-e89b-12d3-a456-426614174003', 'b102e4567-e89b-12d3-a456-426614174001', '1', 'Bob Williams', 'bob.williams@example.com', '555-4000', '201 Main St', 'City2', 'State2', '20002', 'Unit 1 Note'),
('u105e4567-e89b-12d3-a456-426614174004', 'b102e4567-e89b-12d3-a456-426614174001', '2', 'Carol Taylor', 'carol.taylor@example.com', '555-5000', '202 Main St', 'City2', 'State2', '20002', 'Unit 2 Note'),
('u106e4567-e89b-12d3-a456-426614174005', 'b102e4567-e89b-12d3-a456-426614174001', '3', 'David Brown', 'david.brown@example.com', '555-6000', '203 Main St', 'City2', 'State2', '20002', 'Unit 3 Note'),
('u107e4567-e89b-12d3-a456-426614174006', 'b103e4567-e89b-12d3-a456-426614174002', '1', 'Eva Green', 'eva.green@example.com', '555-7000', '301 Main St', 'City3', 'State3', '30003', 'Unit 1 Note'),
('u108e4567-e89b-12d3-a456-426614174007', 'b103e4567-e89b-12d3-a456-426614174002', '2', 'Frank Jones', 'frank.jones@example.com', '555-8000', '302 Main St', 'City3', 'State3', '30003', 'Unit 2 Note'),
('u109e4567-e89b-12d3-a456-426614174008', 'b103e4567-e89b-12d3-a456-426614174002', '3', 'Grace Lee', 'grace.lee@example.com', '555-9000', '303 Main St', 'City3', 'State3', '30003', 'Unit 3 Note'),
('u110e4567-e89b-12d3-a456-426614174009', 'b104e4567-e89b-12d3-a456-426614174003', '1', 'Henry Martin', 'henry.martin@example.com', '555-1001', '401 Main St', 'City4', 'State4', '40004', 'Unit 1 Note'),
('u111e4567-e89b-12d3-a456-42661417400a', 'b104e4567-e89b-12d3-a456-426614174003', '2', 'Isla White', 'isla.white@example.com', '555-2001', '402 Main St', 'City4', 'State4', '40004', 'Unit 2 Note'),
('u112e4567-e89b-12d3-a456-42661417400b', 'b104e4567-e89b-12d3-a456-426614174003', '3', 'Jack Black', 'jack.black@example.com', '555-3001', '403 Main St', 'City4', 'State4', '40004', 'Unit 3 Note'),
('u113e4567-e89b-12d3-a456-42661417400c', 'b105e4567-e89b-12d3-a456-426614174004', '1', 'Katie Long', 'katie.long@example.com', '555-4001', '501 Main St', 'City5', 'State5', '50005', 'Unit 1 Note'),
('u114e4567-e89b-12d3-a456-42661417400d', 'b105e4567-e89b-12d3-a456-426614174004', '2', 'Liam Short', 'liam.short@example.com', '555-5001', '502 Main St', 'City5', 'State5', '50005', 'Unit 2 Note'),
('u115e4567-e89b-12d3-a456-42661417400e', 'b105e4567-e89b-12d3-a456-426614174004', '3', 'Mia Hall', 'mia.hall@example.com', '555-6001', '503 Main St', 'City5', 'State5', '50005', 'Unit 3 Note'),
('u116e4567-e89b-12d3-a456-42661417400f', 'b106e4567-e89b-12d3-a456-426614174005', '1', 'Noah Ford', 'noah.ford@example.com', '555-7001', '601 Main St', 'City6', 'State6', '60006', 'Unit 1 Note'),
('u117e4567-e89b-12d3-a456-426614174010', 'b106e4567-e89b-12d3-a456-426614174005', '2', 'Olivia Hill', 'olivia.hill@example.com', '555-8001', '602 Main St', 'City6', 'State6', '60006', 'Unit 2 Note'),
('u118e4567-e89b-12d3-a456-426614174011', 'b106e4567-e89b-12d3-a456-426614174005', '3', 'Pete Lake', 'pete.lake@example.com', '555-9001', '603 Main St', 'City6', 'State6', '60006', 'Unit 3 Note'),
('u119e4567-e89b-12d3-a456-426614174012', 'b107e4567-e89b-12d3-a456-426614174006', '1', 'Quinn River', 'quinn.river@example.com', '555-1002', '701 Main St', 'City7', 'State7', '70007', 'Unit 1 Note'),
('u11ae4567-e89b-12d3-a456-426614174013', 'b107e4567-e89b-12d3-a456-426614174006', '2', 'Rachel Mountain', 'rachel.mountain@example.com', '555-2002', '702 Main St', 'City7', 'State7', '70007', 'Unit 2 Note'),
('u11be4567-e89b-12d3-a456-426614174014', 'b107e4567-e89b-12d3-a456-426614174006', '3', 'Steve Forest', 'steve.forest@example.com', '555-3002', '703 Main St', 'City7', 'State7', '70007', 'Unit 3 Note'),
('u11ce4567-e89b-12d3-a456-426614174015', 'b108e4567-e89b-12d3-a456-426614174007', '1', 'Thomas Creek', 'thomas.creek@example.com', '555-4002', '801 Main St', 'City8', 'State8', '80008', 'Unit 1 Note'),
('u11de4567-e89b-12d3-a456-426614174016', 'b108e4567-e89b-12d3-a456-426614174007', '2', 'Uma River', 'uma.river@example.com', '555-5002', '802 Main St', 'City8', 'State8', '80008', 'Unit 2 Note'),
('u11ee4567-e89b-12d3-a456-426614174017', 'b108e4567-e89b-12d3-a456-426614174007', '3', 'Victor Stone', 'victor.stone@example.com', '555-6002', '803 Main St', 'City8', 'State8', '80008', 'Unit 3 Note'),
('u11fe4567-e89b-12d3-a456-426614174018', 'b109e4567-e89b-12d3-a456-426614174008', '1', 'Wendy Brook', 'wendy.brook@example.com', '555-7002', '901 Main St', 'City9', 'State9', '90009', 'Unit 1 Note'),
('u120e4567-e89b-12d3-a456-426614174019', 'b109e4567-e89b-12d3-a456-426614174008', '2', 'Xander Hill', 'xander.hill@example.com', '555-8002', '902 Main St', 'City9', 'State9', '90009', 'Unit 2 Note'),
('u121e4567-e89b-12d3-a456-42661417401a', 'b109e4567-e89b-12d3-a456-426614174008', '3', 'Yolanda Stream', 'yolanda.stream@example.com', '555-9002', '903 Main St', 'City9', 'State9', '90009', 'Unit 3 Note'),
('u122e4567-e89b-12d3-a456-42661417401b', 'b10ae4567-e89b-12d3-a456-426614174009', '1', 'Zara Field', 'zara.field@example.com', '555-1003', '1001 Main St', 'City10', 'State10', '100010', 'Unit 1 Note'),
('u123e4567-e89b-12d3-a456-42661417401c', 'b10ae4567-e89b-12d3-a456-426614174009', '2', 'Alan Meadow', 'alan.meadow@example.com', '555-2003', '1002 Main St', 'City10', 'State10', '100010', 'Unit 2 Note'),
('u124e4567-e89b-12d3-a456-42661417401d', 'b10ae4567-e89b-12d3-a456-426614174009', '3', 'Betty Lake', 'betty.lake@example.com', '555-3003', '1003 Main St', 'City10', 'State10', '100010', 'Unit 3 Note'),
('u125e4567-e89b-12d3-a456-42661417401e', 'b10be4567-e89b-12d3-a456-42661417400a', '1', 'Carl Vine', 'carl.vine@example.com', '555-4003', '1101 Main St', 'City11', 'State11', '110011', 'Unit 1 Note'),
('u126e4567-e89b-12d3-a456-42661417401f', 'b10be4567-e89b-12d3-a456-42661417400a', '2', 'Diana Grove', 'diana.grove@example.com', '555-5003', '1102 Main St', 'City11', 'State11', '110011', 'Unit 2 Note'),
('u127e4567-e89b-12d3-a456-426614174020', 'b10be4567-e89b-12d3-a456-42661417400a', '3', 'Ethan Woods', 'ethan.woods@example.com', '555-6003', '1103 Main St', 'City11', 'State11', '110011', 'Unit 3 Note'),
('u128e4567-e89b-12d3-a456-426614174021', 'b10ce4567-e89b-12d3-a456-42661417400b', '1', 'Fiona Park', 'fiona.park@example.com', '555-7003', '1201 Main St', 'City12', 'State12', '120012', 'Unit 1 Note'),
('u129e4567-e89b-12d3-a456-426614174022', 'b10ce4567-e89b-12d3-a456-42661417400b', '2', 'George Field', 'george.field@example.com', '555-8003', '1202 Main St', 'City12', 'State12', '120012', 'Unit 2 Note'),
('u12ae4567-e89b-12d3-a456-426614174023', 'b10ce4567-e89b-12d3-a456-42661417400b', '3', 'Hannah Stream', 'hannah.stream@example.com', '555-9003', '1203 Main St', 'City12', 'State12', '120012', 'Unit 3 Note');
